life_points,26,27,28,29,30,31,32,33,34,35,36,37,38,39,40,41,42,43,44,45,46,47,48,49,50,51,52,53,54,55,56,57,58,59,60,61,62,63,64,65,66,67,68,69,70,71,72,73,74,75,76,77,78,79,80,81,82,83,84,85,86,87,88,89,90,91,92,93,94,95,96,97,98,99,100,101,102,103,104,105,106,107,108,109,110,111,112,113,114,115,116,117,118,119,120,121,122,123,124,125,126,127,128,129,130,131,132,133,134,135,136,137,138,139,140,141,142,143,144,145,146,147,148,149,150,151,152,153,154,155,156,157,158,159,160,161,162,163,164,165,166,167,168,169,170,171,172,173,174,175,176,177,178,179,180,181,182,183,184,185,186,187,188,189,190,191,192,193,194,195,196,197,198,199,200,201,202,203,204,205,206,207,208,209,210,211,212,213,214,215,216,217,218,219,220,221,222,223,224,225,226,227,228,229,230,231,232,233,234,235,236,237,238,239,240,241,242,243,244,245,246,247,248,249,250,251,252,253,254,255,256,257,258,259,260,261,262,263,264,265,266,267,268,269,270,271,272,273,274,275,276,277,278,279,280,281,282,283,284,285,286,287,288,289,290
CLN1,158.6554983,160.413342,162.2807317,164.251674,166.3201759,168.4802441,170.7258853,173.0511064,175.4499142,177.9163153,180.5294235,183.6281797,187.2580484,191.4301389,196.1555608,201.4454237,207.3108371,213.7629104,220.8127532,228.4714751,236.7501854,245.6599939,255.2120099,265.4173429,276.2871026,287.8323984,300.0643399,312.9940365,326.6325978,340.9911333,356.0807525,375.97187,407.4397859,449.6984542,501.8105056,562.8385711,631.8452815,707.8932675,790.04516,877.3635899,968.9111878,1063.750585,1160.944411,1259.555299,1358.645878,1457.278779,1554.516633,1649.422071,1741.057723,1828.486222,1910.770196,1987.013233,2063.625657,2145.115109,2230.57763,2319.109266,2409.806058,2501.76405,2594.079285,2685.847806,2776.165658,2864.128882,2948.833521,3029.375621,3104.851222,3174.356369,3236.987105,3291.839473,3338.009517,3374.593278,3400.686802,3415.38613,3417.854088,3408.680888,3388.909169,3359.389976,3320.974356,3274.513354,3220.858017,3160.859391,3095.368522,3025.236456,2951.314239,2874.452917,2795.503536,2715.317143,2634.744783,2554.637502,2475.846347,2399.222363,2325.616597,2255.880094,2190.863902,2131.419065,2077.4646,2023.997001,1970.264775,1916.419307,1862.61198,1808.99418,1755.717292,1702.9327,1650.791788,1599.445941,1549.046545,1499.744982,1451.692639,1405.040899,1359.941148,1316.544769,1275.003148,1235.467668,1198.089716,1163.020674,1130.411929,1098.756519,1066.5933,1034.142381,1001.623871,969.257881,937.2645187,905.8638937,875.2761153,845.7212929,817.4195356,790.5909528,765.4556537,742.2337475,721.1453436,702.4105512,686.2494795,672.8822379,662.5289356,655.4096819,651.744586,651.6544061,654.6089381,660.3348557,668.6410501,679.3364122,692.2298329,707.1302032,723.846414,742.1873562,761.9619209,782.978999,805.0474815,827.9762592,851.5742232,875.6502643,900.0132737,924.4721421,948.8357606,972.9130201,996.5128116,1019.444026,1044.103105,1072.656978,1104.570265,1139.30759,1176.333574,1215.112838,1255.110004,1295.789694,1336.616529,1377.055132,1416.570124,1454.626127,1490.687762,1524.219651,1554.686417,1581.55268,1604.283062,1622.342186,1635.194672,1642.305143,1643.590842,1643.532052,1643.407395,1643.2188,1642.968191,1642.657497,1642.288644,1641.863559,1641.384168,1640.852398,1640.270176,1639.639428,1638.962081,1638.240063,1637.475299,1636.669717,1635.825242,1634.943803,1634.027325,1633.077735,1632.096961,1631.086928,1629.896273,1628.136696,1625.836375,1623.047328,1619.821571,1616.211121,1612.267994,1608.044207,1603.591777,1598.962721,1594.209055,1589.382795,1584.535959,1579.720563,1574.988624,1570.392159,1565.983184,1561.813715,1557.93577,1554.401365,1551.255952,1548.352179,1545.597306,1542.974096,1540.465311,1538.053713,1535.722062,1533.453121,1531.229652,1529.034416,1526.850175,1524.659691,1522.445726,1520.191041,1517.878398,1515.490559,1513.010285,1510.420339,1507.703482,1504.842476,1501.820083,1498.50373,1494.611247,1490.202526,1485.356157,1480.150728,1474.664827,1468.977044,1463.165966,1457.310182,1451.488281,1445.778851,1440.260481,1435.01176,1430.111275,1425.637615,1421.669369,1418.285126,1415.563473,1413.583,1412.422296,1412.152325,1412.617959,1413.721634,1415.45254,1417.799864,1420.752795
CLN2,246.1103944,248.8583747,251.7902575,254.8986411,258.1761238,261.6153041,265.2087802,268.9491504,272.829013,276.8409665,281.2026969,286.8035111,293.7369907,302.0049435,311.6091773,322.5515001,334.8337196,348.4576437,363.4250803,379.7378372,397.3977222,416.4065433,436.7661083,458.4782249,481.5447012,505.9673448,531.7479638,558.8883658,587.3903589,617.2557507,648.4863493,689.5034685,754.229573,840.8205118,947.1174457,1070.961536,1210.193942,1362.655826,1526.188348,1698.63267,1877.829951,2061.621353,2247.848037,2434.351163,2618.971892,2799.551384,2973.930802,3139.951304,3295.454053,3438.28021,3566.270933,3677.338671,3782.367879,3889.80042,3998.843483,4108.704259,4218.589938,4327.70771,4435.264765,4540.468294,4642.525487,4740.643535,4834.029627,4921.890954,5003.434706,5077.868074,5144.398247,5202.232417,5250.577772,5288.641504,5315.630803,5330.752859,5333.109309,5320.871331,5294.436443,5254.872766,5203.248418,5140.631521,5068.090193,4986.692556,4897.506729,4801.600833,4700.042987,4593.901311,4484.243926,4372.138951,4258.654506,4144.858713,4031.81969,3920.605557,3812.284436,3707.924445,3608.593705,3515.360336,3427.943794,3339.07954,3247.871975,3154.747419,3060.132194,2964.452621,2868.135022,2771.605719,2675.291033,2579.617285,2485.010798,2391.897892,2300.704889,2211.858111,2125.783879,2042.908515,1963.65834,1888.459677,1817.738845,1751.922167,1691.435965,1633.133157,1573.855489,1514.012525,1454.013829,1394.268964,1335.187493,1277.178981,1220.65299,1166.019083,1113.686825,1064.06578,1017.565509,974.5955776,935.5655485,900.8849852,870.9634512,846.2105101,827.0357254,813.8486604,807.0588788,807.3093016,816.025786,832.8702958,857.2287873,888.4872164,926.0315393,969.2477119,1017.52169,1070.239431,1126.786889,1186.550022,1248.914784,1313.267133,1378.993024,1445.478413,1512.109256,1578.27151,1643.351131,1706.734073,1767.806295,1825.953751,1885.64003,1951.172407,2021.702366,2096.381392,2174.360969,2254.792583,2336.827717,2419.617857,2502.314487,2584.069092,2664.033157,2741.358166,2815.195604,2884.696955,2949.013705,3007.297337,3058.699338,3102.37119,3137.46438,3163.130391,3179.238256,3192.883511,3206.071506,3218.782075,3230.995053,3242.690275,3253.847577,3264.446792,3274.467755,3283.890303,3292.694268,3300.859487,3308.365794,3315.193024,3321.321012,3326.729593,3331.398601,3335.307871,3338.437239,3340.766539,3342.275606,3342.944275,3342.138009,3338.299675,3331.568421,3322.179645,3310.368747,3296.371127,3280.422185,3262.757321,3243.611934,3223.221423,3201.821189,3179.646631,3156.933148,3133.916141,3110.83101,3087.913153,3065.397971,3043.520863,3022.517229,3002.622468,2984.008107,2965.11541,2945.298993,2924.707601,2903.489976,2881.794863,2859.771004,2837.567143,2815.332024,2793.214389,2771.362984,2749.92655,2729.053831,2708.893571,2689.594513,2671.305401,2654.174978,2638.351987,2623.985173,2611.223277,2600.215045,2590.598604,2581.089676,2571.657917,2562.348854,2553.208018,2544.280935,2535.613136,2527.250148,2519.2375,2511.620721,2504.445339,2497.756884,2491.600883,2486.022865,2481.068359,2476.782894,2473.211998,2470.4012,2468.396028,2467.242011,2467.015355,2468.583014,2472.267749,2477.994473,2485.688102,2495.273549
CLN3,4795.53995,4778.105031,4764.367973,4753.888031,4746.224458,4740.936509,4737.583435,4735.724492,4734.918932,4734.72601,4739.749638,4768.608489,4820.784253,4893.640914,4984.542452,5090.852849,5209.936086,5339.156145,5475.877008,5617.462655,5761.277069,5904.684231,6045.048122,6179.732724,6306.102018,6421.519987,6523.350611,6608.957871,6675.705751,6720.95823,6742.07929,6746.223975,6749.849213,6753.297893,6756.568917,6759.661186,6762.573601,6765.305063,6767.854474,6770.220734,6772.402745,6774.399408,6776.209623,6777.832293,6779.266318,6780.510599,6781.564037,6782.425535,6783.093992,6783.56831,6783.84739,6783.866704,6772.589136,6743.099152,6697.111781,6636.342051,6562.504993,6477.315635,6382.489006,6279.740135,6170.784052,6057.335785,5941.110364,5823.822818,5707.188175,5592.921464,5482.737716,5378.351959,5281.479221,5193.834533,5117.132922,5053.089419,5002.651963,4955.711021,4908.804976,4862.153909,4815.977904,4770.497042,4725.931405,4682.501076,4640.426138,4599.926673,4561.222762,4524.534489,4490.081935,4458.085183,4428.764316,4402.339415,4379.030563,4359.057842,4342.641334,4330.001123,4321.35729,4316.929917,4317.05709,4322.474391,4333.02791,4348.424343,4368.370387,4392.572738,4420.738092,4452.573145,4487.784594,4526.079135,4567.163464,4610.744277,4656.528272,4704.222143,4753.532587,4804.166301,4855.829981,4908.230323,4961.074023,5014.067778,5066.918284,5127.877953,5204.108888,5293.682326,5394.669501,5505.141648,5623.170001,5746.825796,5874.180267,6003.304649,6132.270177,6259.148086,6382.009611,6498.925987,6607.968448,6707.208229,6794.716565,6868.564692,6926.823843,6967.565254,6988.860159,6991.604154,6991.538041,6991.406105,6991.208651,6990.945984,6990.618407,6990.226227,6989.769746,6989.249269,6988.665101,6988.017545,6987.306908,6986.533491,6985.697601,6984.799542,6983.839617,6982.818132,6981.735391,6980.591697,6979.387356,6978.122672,6971.599249,6955.275463,6930.136777,6897.168654,6857.356556,6811.685946,6761.142287,6706.711041,6649.377671,6590.12764,6529.94641,6469.819445,6410.732206,6353.670157,6299.618761,6249.563479,6204.489775,6165.383111,6133.22895,6109.012755,6093.077781,6079.233926,6065.716577,6052.56009,6039.798818,6027.467119,6015.599346,6004.229856,5993.393002,5983.123142,5973.454629,5964.42182,5956.059069,5948.400732,5941.481164,5935.334721,5929.995757,5925.498627,5921.877688,5919.167294,5917.4018,5916.615563,5916.596013,5916.691578,5916.864123,5917.112395,5917.435136,5917.831093,5918.29901,5918.837631,5919.445701,5920.121965,5920.865168,5921.674053,5922.547367,5923.483853,5924.482256,5925.541321,5926.659792,5927.836414,5929.069933,5930.359092,5931.773555,5935.206185,5941.278999,5949.692279,5960.146306,5972.341363,5985.97773,6000.755689,6016.375522,6032.53751,6048.941935,6065.289079,6081.279223,6096.612648,6110.989636,6124.110469,6135.675428,6145.384794,6152.93885,6158.037877,6160.382157,6158.482321,6149.350513,6133.571939,6111.925822,6085.191385,6054.147848,6019.574436,5982.250369,5942.954869,5902.46716,5861.566463,5821.032001,5781.642995,5744.178668,5709.418242,5678.140939,5651.125982,5629.152591,5612.999991,5603.447402,5601.079523,5601.103983,5601.227628,5601.531756,5602.097667,5603.006659
SIC1,1044.336993,1005.671591,969.6920668,936.587545,906.5471522,879.7600146,856.4152583,836.7020095,820.8093944,808.9265391,800.4884373,792.6172565,785.022483,777.717406,770.7153143,764.0294968,757.6732427,751.6598407,746.0025799,740.7147493,735.8096377,731.3005342,727.2007277,723.5235072,720.2821616,717.48998,715.1602512,713.3062642,711.941308,711.0786716,710.7316438,711.3281292,713.5427338,717.2551374,722.3293404,728.6293428,736.019145,744.3627472,753.5241496,763.3673524,773.7563558,784.5551601,795.6277655,806.8381722,818.0503805,829.1283905,839.9362025,850.3378167,860.1972334,869.3784527,877.7454749,885.166978,892.3583998,899.8595668,907.60106,915.5134605,923.527349,931.5733066,939.5819141,947.4837527,955.209403,962.6894463,969.8544632,976.6350349,982.9617423,988.7651662,993.9758877,998.5244877,1002.341547,1005.357647,1007.503368,1008.709291,1008.800007,1006.237786,1000.77074,992.701612,982.3331458,969.9680849,955.9091733,940.4591544,923.920772,906.5967698,888.7898914,870.8028806,852.9384809,835.4994361,818.7884898,803.1083857,788.7618676,776.0516789,765.2805636,756.7512651,750.7665272,747.6290936,747.4775367,749.4925041,753.4622813,759.324095,767.0151722,776.4727396,787.634024,800.4362523,814.8166512,830.7124477,848.0608684,866.7991403,886.8644901,908.1941447,930.7253309,954.3952755,979.1412053,1004.900347,1031.609928,1059.207174,1087.629313,1125.784581,1181.50741,1253.124315,1338.961815,1437.346424,1546.604661,1665.063042,1791.048083,1922.886303,2058.904216,2197.428341,2336.785194,2475.301291,2611.303151,2743.117288,2869.070221,2987.488465,3096.698538,3195.026957,3280.800238,3354.45827,3427.447323,3501.330504,3575.606382,3649.773528,3723.330512,3795.775903,3866.608272,3935.326188,4001.428222,4064.412944,4123.778924,4179.024731,4229.648936,4275.150109,4315.02682,4348.777638,4375.901134,4395.895878,4408.26044,4412.493389,4405.583716,4385.568304,4353.517566,4310.501913,4257.591759,4195.857516,4126.369595,4050.198409,3968.414371,3882.087891,3792.289384,3700.08926,3606.557933,3512.765814,3419.783316,3328.68085,3240.52883,3156.397668,3077.357775,3004.479564,2938.150025,2871.890911,2804.10699,2735.135937,2665.315423,2594.983121,2524.476705,2454.133846,2384.292218,2315.289492,2247.463343,2181.151442,2116.691462,2054.421077,1994.677958,1937.799778,1884.124211,1833.988928,1787.731603,1745.689908,1708.201516,1675.604099,1646.855138,1618.454631,1590.327799,1562.605894,1535.420173,1508.901888,1483.182295,1458.392647,1434.6642,1412.128207,1390.915923,1371.158603,1352.9875,1336.533869,1321.928965,1309.304042,1298.790354,1290.519156,1284.621702,1281.229246,1280.68327,1288.657078,1306.866166,1334.264004,1369.804059,1412.439802,1461.1247,1514.812225,1572.455843,1633.009026,1695.425241,1758.657957,1821.660645,1883.386772,1942.789808,1998.823222,2050.440483,2096.595061,2136.240423,2168.33004,2191.817381,2208.225349,2223.95347,2239.326862,2254.295069,2268.807638,2282.814114,2296.264042,2309.106969,2321.292439,2332.769999,2343.489194,2353.39957,2362.450672,2370.592046,2377.773237,2383.943792,2389.053255,2393.051172,2395.887089,2397.510552,2397.875938,2397.081181,2395.188257,2392.204228,2388.136153,2382.991095
WHI5,701.8612595,706.9369546,712.0550219,717.214896,722.4160114,727.6578028,732.9397046,738.2611515,743.621578,749.0204187,754.4076192,759.6044406,764.6309378,769.5284576,774.3383467,779.1019518,783.8606196,788.6556968,793.5285301,798.5204661,803.6728517,809.0270335,814.6243582,820.5061725,826.7138232,833.2886568,840.2720201,847.7052599,855.6297228,864.0867554,873.1177047,883.431944,896.1433435,911.0903527,928.086211,946.9441577,967.4774324,989.4992744,1012.822923,1037.261618,1062.628599,1088.737105,1115.400375,1142.431649,1169.644167,1196.851167,1223.86589,1250.501574,1276.571459,1301.888785,1326.266791,1349.52541,1372.691723,1396.525736,1420.912243,1445.736036,1470.881911,1496.234661,1521.679081,1547.099963,1572.382103,1597.410294,1622.069331,1646.244007,1669.819115,1692.679452,1714.709809,1735.794981,1755.819763,1774.668948,1792.22733,1808.379703,1823.099535,1837.59847,1852.230815,1866.914169,1881.566133,1896.104307,1910.446291,1924.509685,1938.21209,1951.471105,1964.204331,1976.329368,1987.763815,1998.425274,2008.231345,2017.099626,2024.94772,2031.693225,2037.253742,2041.546872,2044.490213,2046.001367,2045.861721,2043.267084,2038.242857,2030.961265,2021.594531,2010.31488,1997.294534,1982.705718,1966.720657,1949.511572,1931.25069,1912.110233,1892.262425,1871.87949,1851.133652,1830.197135,1809.242163,1788.44096,1767.965749,1747.988754,1728.6822,1708.733069,1686.872133,1663.3373,1638.366479,1612.197579,1585.068506,1557.217169,1528.881477,1500.299338,1471.708659,1443.347349,1415.453317,1388.26447,1362.018716,1336.953965,1313.308123,1291.319099,1271.224802,1253.263139,1237.672019,1224.337308,1211.320845,1198.345421,1185.478779,1172.788661,1160.342809,1148.208966,1136.454873,1125.148273,1114.356908,1104.148522,1094.590855,1085.751651,1077.698652,1070.499599,1064.222236,1058.934305,1054.703548,1051.597707,1049.684524,1049.031743,1050.99121,1056.657555,1065.712698,1077.838557,1092.717052,1110.030101,1129.459622,1150.687535,1173.395758,1197.266211,1221.980811,1247.221478,1272.67013,1298.008687,1322.919067,1347.083188,1370.18297,1391.900331,1411.91719,1429.915467,1445.802171,1461.727933,1478.200295,1495.086471,1512.253674,1529.569115,1546.900009,1564.113567,1581.077003,1597.657529,1613.722359,1629.138704,1643.773777,1657.494792,1670.168962,1681.663498,1691.845614,1700.582522,1707.741436,1713.189567,1716.79413,1718.422336,1717.223272,1711.429566,1701.418799,1687.68535,1670.7236,1651.027928,1629.092715,1605.41234,1580.481183,1554.793625,1528.844046,1503.126826,1478.136344,1454.36698,1432.313116,1412.46913,1395.329403,1381.388314,1371.140245,1365.079574,1363.60952,1364.5393,1366.655088,1369.825543,1373.919325,1378.805092,1384.351505,1390.427221,1396.9009,1403.641201,1410.516783,1417.396305,1424.148426,1430.641806,1436.745104,1442.326978,1447.256088,1451.401093,1454.630652,1456.813424,1457.818068,1457.573747,1456.233101,1453.914548,1450.730542,1446.793539,1442.215991,1437.110354,1431.589081,1425.764628,1419.749448,1413.655995,1407.596724,1401.68409,1396.030546,1390.748547,1385.950547,1381.749,1378.256361,1375.585085,1373.847624,1373.129175,1372.75785,1372.402605,1372.063673,1371.741289,1371.435685
SWI4,595.9176926,607.4734482,618.995288,630.4830648,641.9366319,653.3558422,664.7405489,676.0906049,687.4058634,698.6861775,709.7798427,720.138245,729.8180247,738.9408614,747.6284346,756.0024236,764.184508,772.2963672,780.4596808,788.7961282,797.4273889,806.4751424,816.0610681,826.3068456,837.3341542,849.2646735,862.220083,876.3220621,891.6922903,908.4524471,926.724212,953.1147533,998.1659282,1060.043132,1136.667067,1225.958438,1325.837946,1434.226296,1549.04419,1668.212333,1789.651426,1911.282172,2031.025277,2146.801441,2256.531369,2358.135763,2449.535328,2528.650765,2593.402779,2641.712072,2671.499347,2680.757059,2680.671814,2680.440477,2680.064282,2679.54446,2678.882243,2678.078864,2677.135555,2676.053547,2674.834073,2673.478364,2671.987653,2670.363172,2668.606153,2666.717828,2664.699428,2662.552187,2660.277336,2657.876107,2655.349732,2652.699443,2649.337188,2636.790694,2613.048669,2579.097426,2535.923282,2484.512551,2425.851547,2360.926585,2290.723981,2216.230048,2138.431102,2058.313457,1976.863428,1895.06733,1813.911478,1734.382186,1657.465769,1584.148541,1515.416819,1452.256916,1395.655147,1346.597826,1304.852966,1263.813282,1222.52159,1181.20748,1140.100539,1099.430357,1059.426523,1020.318625,982.3362526,945.7089944,910.6664393,877.4381763,846.2537941,817.3428818,790.935028,767.2598219,746.5468521,729.0257076,714.9259773,704.4772501,697.9091148,693.4429267,689.1504623,685.0369422,681.1075872,677.367618,673.8222553,670.4767197,667.3362319,664.4060127,661.6912827,659.1972626,656.9291732,654.8922351,653.091669,651.5326957,650.2205357,649.1604099,648.3575388,647.8171433,647.5444439,648.2071898,653.6215799,664.0357621,679.0171123,698.1330064,720.9508203,747.0379299,775.9617113,807.2895403,840.5887928,875.4268447,911.3710721,947.9888508,984.8475567,1021.514566,1057.557254,1092.542997,1126.039171,1157.613153,1186.832316,1213.264039,1238.992827,1266.199473,1294.595781,1323.893558,1353.804607,1384.040733,1414.313742,1444.335439,1473.817627,1502.472113,1530.010702,1556.145197,1580.587404,1603.049128,1623.242174,1640.878347,1655.669451,1667.327292,1675.563674,1680.090403,1680.553729,1676.193251,1667.216983,1654.071603,1637.20379,1617.060226,1594.087587,1568.732555,1541.441808,1512.662026,1482.839888,1452.422074,1421.855263,1391.586134,1362.061366,1333.72764,1307.031634,1282.420028,1260.339502,1241.236733,1225.558403,1213.75119,1205.110503,1196.761605,1188.566391,1180.555432,1172.759298,1165.208561,1157.933791,1150.965559,1144.334434,1138.070989,1132.205794,1126.769418,1121.792434,1117.305412,1113.338921,1109.923534,1107.08982,1104.868351,1103.289697,1102.384428,1102.203474,1103.296499,1105.783764,1109.510868,1114.323411,1120.066991,1126.587208,1133.72966,1141.339948,1149.263669,1157.346423,1165.433809,1173.371426,1181.004874,1188.179751,1194.741656,1200.536188,1205.408947,1209.205532,1211.771541,1212.952575,1212.99186,1212.891643,1212.718482,1212.480927,1212.187531,1211.846844,1211.467419,1211.057807,1210.62656,1210.182228,1209.733365,1209.28852,1208.856247,1208.445095,1208.063618,1207.720366,1207.423891,1207.182745,1207.005478,1206.900644,1206.886078,1207.22068,1208.003153,1209.212485,1210.827661,1212.827671
SWI6,1213.287612,1209.086067,1205.493921,1202.476461,1199.998972,1198.026739,1196.525049,1195.459188,1194.794442,1194.496095,1194.865686,1197.1477,1201.322108,1207.228238,1214.70542,1223.592985,1233.730261,1244.956578,1257.111266,1270.033654,1283.563073,1297.538851,1311.800319,1326.186806,1340.537642,1354.692156,1368.489678,1381.769538,1394.371065,1406.13359,1416.896441,1426.795542,1436.321953,1445.534698,1454.482936,1463.215826,1471.782528,1480.2322,1488.614001,1496.977091,1505.370628,1513.843771,1522.445679,1531.225512,1540.232428,1549.515586,1559.124145,1569.107265,1579.514104,1590.393821,1601.795575,1613.773452,1627.203862,1642.541317,1659.548476,1677.987998,1697.622542,1718.214769,1739.527337,1761.322906,1783.364134,1805.413682,1827.234209,1848.588374,1869.238836,1888.948254,1907.479289,1924.594599,1940.056844,1953.628683,1965.072776,1974.151781,1980.756958,1986.625304,1992.361533,1997.950909,2003.378695,2008.630157,2013.690558,2018.545164,2023.179238,2027.578044,2031.726848,2035.610913,2039.215504,2042.525884,2045.527319,2048.205073,2050.54441,2052.530594,2054.14889,2055.384562,2056.222874,2056.649091,2056.495275,2054.878832,2051.763071,2047.270211,2041.522469,2034.642064,2026.751212,2017.972133,2008.427043,1998.238162,1987.527706,1976.417893,1965.030942,1953.489071,1941.914496,1930.429437,1919.156111,1908.216736,1897.73353,1887.828711,1878.624496,1869.844587,1861.123079,1852.447785,1843.806516,1835.187083,1826.577298,1817.964973,1809.33792,1800.683949,1791.990872,1783.246502,1774.438649,1765.555126,1756.583743,1747.512313,1738.328647,1729.020556,1719.575852,1709.982347,1700.227852,1690.16057,1679.001511,1666.779963,1653.672696,1639.856482,1625.508089,1610.80429,1595.921853,1581.037549,1566.32815,1551.970424,1538.141143,1525.017077,1512.774996,1501.591671,1491.643872,1483.10837,1476.161934,1470.981336,1467.743345,1466.624733,1467.146091,1468.654905,1471.068286,1474.303345,1478.277194,1482.906942,1488.1097,1493.80258,1499.902693,1506.327149,1512.993059,1519.817534,1526.717685,1533.610623,1540.413458,1547.043302,1553.417266,1559.452459,1565.065995,1570.174982,1574.73043,1579.043008,1583.219174,1587.273561,1591.220799,1595.075521,1598.852358,1602.565942,1606.230906,1609.86188,1613.473497,1617.080389,1620.697187,1624.338522,1628.019028,1631.753335,1635.556076,1639.441882,1643.425385,1647.521217,1651.744009,1656.108394,1660.754344,1665.985884,1671.736763,1677.920452,1684.450422,1691.240146,1698.203094,1705.252739,1712.30255,1719.266001,1726.056561,1732.587703,1738.772898,1744.525617,1749.759333,1754.387515,1758.323636,1761.481167,1763.77358,1765.114346,1765.375443,1763.409209,1758.934886,1752.230225,1743.572977,1733.240892,1721.511721,1708.663214,1694.973124,1680.719199,1666.179191,1651.630851,1637.351928,1623.620175,1610.713341,1598.909177,1588.485435,1579.719864,1572.890215,1568.274239,1566.149687,1566.720876,1569.800279,1575.121085,1582.420528,1591.435839,1601.904253,1613.563001,1626.149318,1639.400435,1653.053586,1666.846003,1680.51492,1693.797569,1706.431184,1718.152997,1728.70024,1737.810148,1745.219953,1750.666887,1753.888184,1754.686687,1754.680823,1754.65118,1754.578266,1754.44259,1754.224662
NRM1,157.3393692,156.8382715,156.4434541,156.1422497,155.9219906,155.7700094,155.6736386,155.6202106,155.597058,155.5915132,155.7397513,156.6138592,158.2494322,160.6208971,163.7026809,167.4692106,171.894913,176.9542152,182.621544,188.8713265,195.6779895,203.0159601,210.8596651,219.1835315,227.9619863,237.1694563,246.7803686,256.76915,267.1102276,277.7780282,288.7469789,301.1711099,317.0850517,336.398486,358.9778362,384.6895257,413.3999779,444.9756164,479.2828646,516.1881458,555.5578835,597.2585012,641.1564223,687.1180702,735.0098683,784.6982402,836.0496092,888.9303988,943.2070324,998.7459335,1055.413525,1113.111543,1177.867998,1253.477281,1338.942042,1433.264936,1535.448614,1644.495728,1759.408933,1879.190879,2002.84422,2129.371608,2257.775695,2387.059135,2516.224579,2644.27468,2770.212092,2893.039465,3011.759453,3125.374708,3232.887884,3333.301631,3426.25848,3520.325864,3617.862766,3718.074137,3820.164926,3923.340085,4026.804563,4129.763312,4231.421282,4330.983424,4427.654688,4520.640024,4609.144384,4692.372717,4769.529975,4839.821108,4902.451067,4956.624801,5001.547262,5036.4234,5060.458166,5072.85651,5073.691118,5067.793347,5056.3092,5039.563612,5017.881517,4991.58785,4961.007547,4926.46554,4888.286765,4846.796157,4802.31865,4755.179179,4705.702678,4654.214082,4601.038326,4546.500344,4490.92507,4434.63744,4377.962388,4321.224848,4264.749756,4203.318657,4132.148376,4052.216771,3964.501696,3869.981008,3769.632561,3664.434212,3555.363816,3443.399229,3329.518306,3214.698903,3099.918876,2986.15608,2874.388371,2765.593605,2660.749637,2560.834323,2466.825518,2379.701078,2300.43886,2228.543529,2156.000242,2081.921211,2006.874774,1931.42927,1856.153036,1781.61441,1708.381731,1637.023336,1568.107564,1502.202752,1439.877238,1381.699362,1328.237459,1280.059869,1237.73493,1201.830979,1172.916355,1151.559395,1138.328438,1133.791822,1137.583929,1148.584474,1166.229791,1189.956217,1219.200087,1253.397736,1291.9855,1334.399713,1380.076712,1428.452831,1478.964407,1531.047774,1584.139267,1637.675223,1691.091976,1743.825863,1795.313217,1844.990376,1892.293673,1936.659445,1978.047731,2021.516659,2068.059405,2117.153548,2168.27667,2220.906351,2274.520172,2328.595713,2382.610555,2436.042278,2488.368462,2539.066689,2587.614538,2633.489591,2676.169427,2715.131627,2749.853771,2779.813441,2804.488217,2823.355678,2835.893407,2841.578982,2841.681613,2840.811334,2839.282922,2837.147699,2834.456984,2831.262096,2827.614354,2823.56508,2819.165593,2814.467211,2809.521256,2804.379046,2799.091901,2793.711142,2788.288087,2782.874057,2777.520371,2772.278349,2767.19931,2762.334575,2757.731153,2753.30113,2748.970555,2744.711628,2740.49655,2736.297523,2732.086747,2727.836424,2723.518754,2719.105938,2714.570178,2709.883674,2705.018627,2699.947238,2694.641709,2689.07424,2683.217033,2677.042287,2670.522205,2663.628987,2656.334834,2647.985391,2637.029828,2623.691723,2608.293995,2591.159562,2572.611343,2552.972256,2532.565219,2511.713151,2490.73897,2469.965595,2449.715944,2430.312935,2412.079486,2395.338517,2380.412945,2367.625689,2357.299667,2349.757798,2345.322999,2344.228619,2344.246105,2344.334492,2344.551899,2344.956442,2345.606237
YOX1,318.3025417,317.1878833,316.3096385,315.6396293,315.1496777,314.8116057,314.5972353,314.4783883,314.4268869,314.4145529,315.6117614,322.6381614,335.7168062,354.5746193,378.9385242,408.5354442,443.0923028,482.3360235,525.9935295,573.7917445,625.4575917,680.7179947,739.2998768,800.9301615,865.3357722,932.2436323,1001.380665,1072.473795,1145.249943,1219.436036,1294.758994,1381.711685,1497.76886,1640.204595,1805.890181,1991.696911,2194.496075,2411.158965,2638.556873,2873.561089,3113.042905,3353.873613,3592.924504,3827.06687,4053.172001,4268.11119,4468.755727,4651.976904,4814.646013,4953.634345,5065.813191,5148.155783,5216.371615,5283.312443,5348.758968,5412.491897,5474.291933,5533.939782,5591.216146,5645.901732,5697.777243,5746.623383,5792.220858,5834.350372,5872.792629,5907.328333,5937.738189,5963.802902,5985.303176,6002.019715,6013.733224,6020.224408,6020.666563,6006.240409,5975.083934,5928.462127,5867.639978,5793.882477,5708.454612,5612.621375,5507.647755,5394.798741,5275.339323,5150.534491,5021.649236,4889.948545,4756.69741,4623.16082,4490.603764,4360.291233,4233.488216,4111.459703,3995.470684,3886.786148,3784.843505,3679.761154,3570.51367,3457.88309,3342.651446,3225.600773,3107.513105,2989.170477,2871.354922,2754.848475,2640.43317,2528.891042,2421.004123,2317.554449,2219.324054,2127.094972,2041.649236,1963.768883,1894.235944,1833.832456,1783.340451,1738.232588,1693.586092,1649.589849,1606.432745,1564.303668,1523.391503,1483.885136,1445.973454,1409.845343,1375.689689,1343.695378,1314.051298,1286.946333,1262.569371,1241.109298,1222.754999,1207.695362,1196.119272,1188.215616,1184.17328,1185.416888,1199.008539,1224.989743,1262.106138,1309.103364,1364.727058,1427.722858,1496.836402,1570.813329,1648.399277,1728.339884,1809.380788,1890.267628,1969.746041,2046.561665,2119.46014,2187.187103,2248.488192,2302.109046,2346.795302,2381.292599,2409.607623,2436.623706,2462.401451,2487.001464,2510.484349,2532.910712,2554.341156,2574.836288,2594.456711,2613.263031,2631.315851,2648.675778,2665.403416,2681.559369,2697.204243,2712.398642,2727.203171,2741.678434,2755.885038,2769.883585,2783.769887,2797.931902,2812.383949,2827.027772,2841.765116,2856.497724,2871.12734,2885.55571,2899.684576,2913.415683,2926.650776,2939.291598,2951.239893,2962.397406,2972.665881,2981.947061,2990.142692,2997.154516,3002.884279,3007.233724,3010.104596,3011.398638,3010.456997,3005.891688,2997.975418,2987.07171,2973.544088,2957.756076,2940.071197,2920.852974,2900.464933,2879.270595,2857.633484,2835.917125,2814.48504,2793.700753,2773.927789,2755.529669,2738.869919,2724.31206,2712.219618,2702.956116,2696.813363,2692.062025,2687.792364,2683.954154,2680.49717,2677.371185,2674.525973,2671.911309,2669.476967,2667.17272,2664.948343,2662.753609,2660.538294,2658.25217,2655.845012,2653.266594,2650.46669,2647.395074,2644.00152,2640.235802,2636.047695,2631.097149,2624.664794,2616.887441,2607.948791,2598.032545,2587.322403,2576.002066,2564.255234,2552.265608,2540.216888,2528.292775,2516.676969,2505.553172,2495.105082,2485.516401,2476.97083,2469.652069,2463.743818,2459.429778,2456.89365,2456.2679,2456.273178,2456.299858,2456.365482,2456.487592,2456.683732
YHP1,150.3042911,150.8670079,151.4609183,152.0835014,152.7322365,153.4046025,154.0980786,154.810144,155.5382777,156.2799588,157.0439558,157.8764335,158.7883095,159.7861164,160.8763865,162.0656525,163.3604469,164.7673022,166.2927508,167.9433254,169.7255583,171.6459822,173.7111296,175.9275329,178.3017247,180.8402375,183.5496037,186.436356,189.5070268,192.7681487,196.2262541,201.2588957,210.1587972,222.6660827,238.4697789,257.2589129,278.7225116,302.549602,328.4292111,356.0503657,385.1020929,415.2734196,446.2533728,477.7309793,509.3952663,540.9352606,572.0399892,602.3984791,631.6997571,659.6328503,685.8867857,710.1584227,733.5934772,757.1496837,780.7871611,804.4660283,828.1464042,851.7884077,875.3521576,898.7977727,922.0853721,945.1750745,968.0269988,990.601264,1012.857989,1034.757292,1056.259293,1077.32411,1097.911863,1117.982669,1137.496648,1156.413919,1174.750411,1193.276792,1212.169696,1231.32409,1250.634945,1269.997232,1289.305918,1308.455975,1327.342372,1345.860079,1363.904066,1381.369301,1398.150756,1414.1434,1429.242202,1443.342132,1456.33816,1468.125257,1478.598391,1487.652532,1495.18265,1501.083715,1505.463352,1509.528107,1513.476696,1517.29914,1520.98546,1524.525677,1527.909813,1531.127889,1534.169925,1537.025944,1539.685965,1542.140012,1544.378103,1546.390262,1548.166509,1549.696864,1550.97135,1551.979987,1552.712797,1553.159801,1553.31102,1550.25434,1541.424169,1527.330313,1508.482577,1485.390767,1458.564688,1428.514146,1395.748946,1360.778893,1324.113793,1286.263452,1247.737675,1209.046266,1170.699033,1133.205779,1097.076311,1062.820434,1030.947954,1001.968675,976.3924039,954.092608,931.6403983,908.6008591,885.1620041,861.5118471,837.8384016,814.3296815,791.1737003,768.5584717,746.6720095,725.7023273,705.8374388,687.2653576,670.1740975,654.7516722,641.1860952,629.6653804,620.3775413,613.5105917,609.2525452,607.7914156,607.9018047,608.22828,608.7638035,609.5013374,610.4338435,611.554284,612.8556209,614.3308162,615.9728319,617.7746302,619.729173,621.8294224,624.0683403,626.438889,628.9340303,631.5467263,634.2699391,637.0966306,640.019763,643.0322983,646.2456598,650.879055,657.1420815,664.8919115,673.9857175,684.2806716,695.6339462,707.9027136,720.944146,734.6154158,748.7736952,763.2761565,777.9799721,792.7423141,807.4203549,821.8712669,835.9522222,849.5203932,862.4329521,874.5470714,885.7199231,895.8086797,905.1113332,914.7070222,924.5771523,934.6372239,944.8027376,954.9891938,965.1120931,975.086936,984.829223,994.2544546,1003.278131,1011.815754,1019.782822,1027.094837,1033.667299,1039.415709,1044.255567,1048.102373,1050.871629,1052.478834,1052.865391,1052.689312,1052.277501,1051.640954,1050.790669,1049.737642,1048.492871,1047.067352,1045.472083,1043.718061,1041.816283,1039.777746,1037.613447,1035.334383,1032.951551,1030.475948,1027.918572,1025.290419,1022.602486,1019.86577,1017.09127,1013.954619,1009.625131,1004.195322,997.8101832,990.6147009,982.7538636,974.3726593,965.6160762,956.6291024,947.556726,938.543935,929.7357176,921.2770618,913.3129558,905.9883876,899.4483453,893.837817,889.3017908,885.9852548,884.0331972,883.5552437,883.6844556,884.0106351,884.5556073,885.3411972,886.3892299
HCM1,1011.758841,1050.635926,1087.087305,1120.954587,1152.07938,1180.303292,1205.467932,1227.414907,1245.985828,1261.022301,1272.794133,1282.975118,1291.883974,1299.672243,1306.49147,1312.493197,1317.828968,1322.650326,1327.108814,1331.355975,1335.543354,1339.822492,1344.344935,1349.262224,1354.725902,1360.887515,1367.898604,1375.910713,1385.075385,1395.544164,1407.468593,1427.707655,1467.368668,1524.895793,1598.481478,1686.318173,1786.598325,1897.514385,2017.2588,2144.024019,2276.002491,2411.386665,2548.368989,2685.141912,2819.897883,2950.829351,3076.128763,3193.98857,3302.60122,3400.15916,3484.854841,3554.936338,3618.84244,3683.338534,3748.033163,3812.534868,3876.452193,3939.393679,4000.967869,4060.783307,4118.448533,4173.57209,4225.762522,4274.62837,4319.778177,4360.820486,4397.363838,4429.016777,4455.387844,4476.085583,4490.718535,4498.895243,4500.114527,4492.658336,4476.56891,4452.516309,4421.170596,4383.201833,4339.28008,4290.0754,4236.257854,4178.497505,4117.464413,4053.828641,3988.26025,3921.429301,3854.005858,3786.659981,3720.061731,3654.881172,3591.788364,3531.453369,3474.546249,3421.737065,3373.179102,3326.142002,3280.013026,3234.662905,3189.962372,3145.782159,3101.992998,3058.465623,3015.070764,2971.679155,2928.161528,2884.388614,2840.231147,2795.559858,2750.24548,2704.158746,2657.170387,2609.151135,2559.971724,2509.502885,2457.615351,2401.231468,2338.035771,2269.042271,2195.264983,2117.717917,2037.415089,1955.370509,1872.598191,1790.112148,1708.926393,1630.054938,1554.511796,1483.310979,1417.466501,1357.992375,1305.902613,1262.211228,1227.932232,1204.07964,1191.667462,1190.551104,1194.330712,1201.680466,1212.381797,1226.216138,1242.964919,1262.409572,1284.331529,1308.51222,1334.733078,1362.775534,1392.421019,1423.450964,1455.646802,1488.789963,1522.661879,1557.043982,1591.717703,1626.464473,1661.065724,1695.302887,1733.778909,1780.532163,1834.497223,1894.60866,1959.801046,2029.008955,2101.166958,2175.209628,2250.071537,2324.687258,2397.991363,2468.918425,2536.403015,2599.379707,2656.783073,2707.547685,2750.608116,2784.898937,2809.354722,2822.910042,2825.173644,2822.710338,2817.632757,2810.185643,2800.613738,2789.161784,2776.074522,2761.596694,2745.973041,2729.448306,2712.267229,2694.674553,2676.915019,2659.233369,2641.874345,2625.082687,2609.103139,2594.180441,2580.559336,2568.484564,2558.200868,2549.952989,2543.383137,2536.993691,2530.715209,2524.566423,2518.566061,2512.732856,2507.085536,2501.642832,2496.423475,2491.446195,2486.729721,2482.292785,2478.154116,2474.332445,2470.846503,2467.715018,2464.956722,2462.590345,2460.634618,2459.108269,2458.021842,2457.159055,2456.407574,2455.754824,2455.18823,2454.695213,2454.2632,2453.879613,2453.531876,2453.207414,2452.893649,2452.578007,2452.247911,2451.890785,2451.494053,2451.045138,2450.531465,2449.940457,2449.259539,2448.476134,2447.577666,2446.068526,2442.735668,2437.707634,2431.188853,2423.383755,2414.496768,2404.732323,2394.294848,2383.388773,2372.218528,2360.98854,2349.903241,2339.167059,2328.984423,2319.559762,2311.097507,2303.802086,2297.877929,2293.529465,2290.961123,2290.356131,2291.27352,2293.444661,2296.844122,2301.446474,2307.226285
CLB2,234.605868,234.8434241,235.1000487,235.3755948,235.6699155,235.982864,236.3142934,236.6640567,237.0320071,237.4179978,238.1645586,240.5574483,244.5714539,250.0369943,256.7844883,264.6443549,273.447013,283.0228814,293.2023791,303.8159249,314.6939377,325.6668365,336.56504,347.2189673,357.4590372,367.1156686,376.0192804,384.0002914,390.8891206,396.5161869,400.7119092,403.7615961,406.4324493,408.781043,410.8483462,412.6753275,414.3029557,415.7721997,417.1240281,418.3994097,419.6393133,420.8847077,422.1765616,423.5558439,425.0635232,426.7405684,428.6279481,430.7666313,433.1975866,435.9617829,439.1001888,442.6644606,448.5766924,458.1384361,471.212738,487.6626446,507.3512022,530.1414573,555.8964563,584.4792455,615.7528713,649.5803803,685.8248186,724.3492329,765.0166694,807.6901745,852.2327947,898.5075764,946.377566,995.7058098,1046.355354,1098.189246,1151.795002,1217.493338,1297.751106,1391.361046,1497.115894,1613.80839,1740.23127,1875.177272,2017.439135,2165.809595,2319.081392,2476.047263,2635.499946,2796.232178,2957.036698,3116.706243,3274.033551,3427.811361,3576.832409,3719.889434,3855.775174,3983.282367,4103.474621,4228.719408,4359.951288,4495.828341,4635.008646,4776.15028,4917.911324,5058.949856,5197.923955,5333.491699,5464.311168,5589.04044,5706.337594,5814.860709,5913.267865,6000.217139,6074.36661,6134.374359,6178.898462,6206.596999,6216.12805,6215.837279,6214.969008,6213.5293,6211.524217,6208.959821,6205.842177,6202.177345,6197.971389,6193.230372,6187.960356,6182.167404,6175.857578,6169.036941,6161.711556,6153.887486,6145.570792,6136.767538,6127.483787,6117.7256,6107.499041,6092.827681,6050.929284,5980.655537,5884.963581,5766.810555,5629.1536,5474.949856,5307.156464,5128.730562,4942.629293,4751.809795,4559.229209,4367.844675,4180.613334,4000.492325,3830.438789,3673.409866,3532.362696,3410.25442,3310.042177,3234.683108,3173.002338,3112.018587,3051.979382,2993.132253,2935.72473,2880.00434,2826.218615,2774.615082,2725.44127,2678.94471,2635.37293,2594.973459,2557.993826,2524.681561,2495.284192,2470.04925,2449.224262,2433.056758,2421.794268,2415.684319,2414.757621,2416.827472,2421.178236,2427.699188,2436.279602,2446.808754,2459.175917,2473.270366,2488.981376,2506.198222,2524.810177,2544.706516,2565.776515,2587.909447,2610.994587,2634.92121,2659.57859,2684.856002,2710.64272,2736.828019,2763.301173,2789.951458,2818.484614,2853.432766,2894.411557,2940.754661,2991.79575,3046.868497,3105.306575,3166.443657,3229.613414,3294.149519,3359.385647,3424.655468,3489.292655,3552.630882,3614.003821,3672.745145,3728.188526,3779.667637,3826.51615,3868.067739,3903.829038,3938.043864,3972.618794,4007.331214,4041.958512,4076.278072,4110.067283,4143.103529,4175.164198,4206.026676,4235.468349,4263.266603,4289.198826,4313.042403,4334.57472,4353.573165,4369.815124,4383.077982,4393.139127,4399.775945,4402.765822,4399.961113,4386.600449,4363.514965,4331.844734,4292.729827,4247.310319,4196.726281,4142.117787,4084.624909,4025.387719,3965.546291,3906.240697,3848.61101,3793.797302,3742.939647,3697.178117,3657.652785,3625.503722,3601.871003,3587.8947,3584.430162,3584.446228,3584.52744,3584.727198,3585.098899,3585.695943
NDD1,887.259739,882.1482774,876.7908016,871.2160149,865.4526209,859.529323,853.4748246,847.3178292,841.0870402,834.8111611,828.0689622,819.2076908,808.3046001,795.6269046,781.4418188,766.0165573,749.6183346,732.5143651,714.9718635,697.2580443,679.640122,662.3853111,645.7608263,630.0338819,615.4716925,602.3414727,590.910437,581.4457999,574.2147759,569.4845797,567.5224256,568.8983128,574.1398056,583.0237437,595.3138331,610.7737799,629.1672901,650.2580698,673.8098249,699.5862617,727.351086,756.8680039,787.9007216,820.2129449,853.56838,887.7307329,922.4637097,957.5310163,992.6963589,1027.723443,1062.375976,1096.438414,1133.326072,1175.245955,1221.611189,1271.834903,1325.330221,1381.51027,1439.788177,1499.577068,1560.290069,1621.340308,1682.14091,1742.105001,1800.645709,1857.176159,1911.109479,1961.858794,2008.83723,2051.457915,2089.133975,2121.278536,2147.618343,2172.36532,2196.934492,2221.225776,2245.13909,2268.574353,2291.431482,2313.610395,2335.011011,2355.533246,2375.07702,2393.54225,2410.828853,2426.836749,2441.465854,2454.616087,2466.187366,2476.079608,2484.192732,2490.426656,2494.681297,2496.856573,2496.752706,2493.777403,2488.001703,2479.608116,2468.779152,2455.697321,2440.545134,2423.5051,2404.759729,2384.491533,2362.88302,2340.116702,2316.375088,2291.840688,2266.696013,2241.123573,2215.305877,2189.425436,2163.664761,2138.206361,2113.232746,2086.98788,2057.802247,2025.98814,1991.857851,1955.723674,1917.8979,1878.692822,1838.420732,1797.393924,1755.92469,1714.325322,1672.908113,1631.985356,1591.869342,1552.872365,1515.306718,1479.484692,1445.718581,1414.320676,1385.603271,1359.379358,1332.924519,1305.947199,1278.650593,1251.237899,1223.912315,1196.877037,1170.335264,1144.490192,1119.545018,1095.702941,1073.167157,1052.140863,1032.827257,1015.429536,1000.150898,987.1945395,976.7636579,969.0614505,964.2911148,962.6558479,963.0524118,964.2194276,966.1228815,968.7287599,972.0030489,975.9117349,980.420804,985.4962425,991.1040367,997.2101728,1003.780637,1010.781416,1018.178495,1025.937861,1034.025501,1042.4074,1051.049544,1059.91792,1068.978515,1078.197314,1087.842152,1100.980725,1118.062819,1138.635381,1162.245359,1188.4397,1216.765354,1246.769267,1277.998389,1309.999666,1342.320047,1374.50648,1406.105912,1436.665292,1465.731568,1492.851688,1517.5726,1539.441251,1558.004589,1572.809564,1583.403121,1589.332211,1591.510044,1593.404392,1595.214451,1596.938694,1598.575593,1600.123618,1601.581242,1602.946936,1604.219171,1605.396419,1606.477152,1607.459841,1608.342957,1609.124973,1609.80436,1610.379589,1610.849132,1611.21146,1611.465046,1611.60836,1611.61798,1610.904042,1609.259623,1606.760893,1603.484021,1599.505179,1594.900536,1589.746264,1584.118531,1578.093509,1571.747367,1565.156277,1558.396407,1551.543929,1544.675013,1537.865829,1531.192547,1524.731338,1518.558372,1512.749819,1507.381849,1502.277497,1496.82284,1491.045951,1485.013054,1478.790375,1472.444136,1466.040564,1459.645883,1453.326317,1447.148092,1441.177431,1435.48056,1430.123704,1425.173086,1420.694931,1416.755465,1413.420912,1410.757496,1408.831442,1407.708975,1407.433914,1407.435862,1407.445706,1407.469918,1407.514972,1407.58734
CDC20,477.8968953,489.153928,500.5257107,512.0103441,523.6059289,535.310566,547.1223561,559.0394,571.0597984,583.181652,595.4874359,608.2841151,621.5461293,635.2119167,649.2199158,663.5085647,678.0163018,692.6815655,707.442794,722.2384257,737.0068988,751.6866517,766.2161227,780.53375,794.5779721,808.2872272,821.5999537,834.4545897,846.7895738,858.5433441,869.654339,880.4765416,891.6767377,903.1751268,914.8766891,926.6864049,938.5092545,950.2502179,961.8142756,973.1064077,984.0315945,994.4948162,1004.401053,1013.655285,1022.162493,1029.827657,1036.555757,1042.251773,1046.820686,1050.167475,1052.197122,1052.809442,1051.06065,1046.512736,1039.46652,1030.22282,1019.082456,1006.346246,992.3150101,977.2895669,961.5707358,945.4593356,929.2561857,913.262105,897.7779127,883.1044279,869.5424698,857.3928573,846.9564096,838.5339459,832.4262852,828.9342466,828.3284567,830.347643,834.7776823,841.5225418,850.4861886,861.57259,874.6857133,889.7295256,906.6079942,925.2250864,945.4847692,967.29101,990.547776,1015.159034,1041.028752,1068.060897,1096.159436,1125.228337,1155.171565,1185.89309,1217.296877,1249.286895,1283.458143,1329.387876,1387.462542,1456.325013,1534.618159,1620.98485,1714.067957,1812.510351,1914.954902,2020.044481,2126.421958,2232.730204,2337.61209,2439.710486,2537.668263,2630.128291,2715.733441,2793.126583,2860.950589,2917.848328,2962.462671,3000.357966,3037.895435,3074.913259,3111.249619,3146.742698,3181.230676,3214.551736,3246.544058,3277.045825,3305.895217,3332.930417,3357.989605,3380.910964,3401.532676,3419.69292,3435.22988,3447.981736,3457.78667,3464.482864,3467.908498,3467.393962,3459.986952,3445.672791,3424.97307,3398.409382,3366.503318,3329.776471,3288.750432,3243.946792,3195.887145,3145.093081,3092.086192,3037.388071,2981.52031,2925.004499,2868.362231,2812.115099,2756.784693,2702.892605,2650.960428,2601.509753,2550.950683,2495.784827,2436.671038,2374.268166,2309.235065,2242.230585,2173.91358,2104.9429,2035.977399,1967.675927,1900.697336,1835.70048,1773.344209,1714.287376,1659.188833,1608.707431,1563.502022,1524.231459,1491.554593,1466.130277,1448.068291,1431.95178,1416.265116,1401.043263,1386.321187,1372.133852,1358.516222,1345.503263,1333.129939,1321.431216,1310.442057,1300.197427,1290.732292,1282.081616,1274.280363,1267.363499,1261.365988,1256.322795,1252.268885,1249.239222,1247.268772,1246.392498,1247.650231,1253.591645,1263.992852,1278.472552,1296.649447,1318.142238,1342.569625,1369.550309,1398.702992,1429.646375,1461.999158,1495.380042,1529.407729,1563.70092,1597.878315,1631.558616,1664.360523,1695.902738,1725.803962,1753.682895,1779.27571,1805.474528,1833.423067,1862.793857,1893.259431,1924.492323,1956.165064,1987.950186,2019.520224,2050.547708,2080.705172,2109.665148,2137.100168,2162.682765,2186.085471,2206.98082,2225.041343,2239.939573,2251.348043,2258.939284,2262.38583,2261.55892,2257.014053,2249.144586,2238.322972,2224.921662,2209.313108,2191.869762,2172.964077,2152.968503,2132.255494,2111.197501,2090.166976,2069.536372,2049.678139,2030.96473,2013.768597,1998.462193,1985.417968,1975.008375,1967.605866,1963.49574,1960.540544,1957.686672,1954.938751,1952.301407,1949.779265
SWI5,174.9813349,174.7643703,174.5934229,174.4630079,174.3676404,174.3018358,174.2601093,174.2369762,174.2269516,174.2245508,174.3876033,175.3235222,177.0150036,179.3759435,182.3202381,185.7617831,189.6144748,193.7922091,198.2088819,202.7783893,207.4146273,212.0314919,216.5428792,220.862685,224.9048055,228.5831365,231.8115742,234.5040146,236.5743536,237.9364872,238.5043114,238.4902931,238.3978225,238.2444642,238.0373477,237.7836029,237.4903594,237.164747,236.8138953,236.4449342,236.0649933,235.6812024,235.3006911,234.9305893,234.5780265,234.2501326,233.9540372,233.6968701,233.485761,233.3278396,233.2302356,233.204505,234.0412104,236.2888713,239.9034304,244.8408307,251.057015,258.507926,267.1495067,276.9376999,287.8284483,299.7776949,312.7413825,326.675454,341.5358521,357.2785197,373.8593996,391.2344347,409.3595678,428.1907418,447.6838995,467.7949837,488.960285,518.0900387,556.9326673,604.8062316,661.0287925,724.9184109,795.7931477,872.9710638,955.7702201,1043.508677,1135.504497,1231.075739,1329.540465,1430.216735,1532.422611,1635.476154,1738.695424,1841.398482,1942.903389,2042.528206,2139.590994,2233.409813,2325.238542,2425.689707,2535.19829,2652.227855,2775.241965,2902.704182,3033.07807,3164.827191,3296.415107,3426.305383,3552.96158,3674.847262,3790.425991,3898.161331,3996.516843,4083.956092,4158.942639,4219.940048,4265.411881,4293.821701,4303.633072,4303.317288,4302.377249,4300.82392,4298.668269,4295.921262,4292.593866,4288.697049,4284.241777,4279.239016,4273.699734,4267.634898,4261.055474,4253.972429,4246.39673,4238.339343,4229.811237,4220.823377,4211.38673,4201.512264,4191.210944,4178.761699,4154.200621,4116.873246,4067.903522,4008.415398,3939.532822,3862.379743,3778.08011,3687.757872,3592.536977,3493.541374,3391.895011,3288.721837,3185.145802,3082.290853,2981.280939,2883.240009,2789.292012,2700.560896,2618.17061,2543.245103,2470.199665,2393.227037,2313.117338,2230.660692,2146.647219,2061.867041,1977.110279,1893.167055,1810.827491,1730.881707,1654.119825,1581.331968,1513.308255,1450.838809,1394.713751,1345.723203,1304.657286,1272.306122,1249.459831,1236.908536,1234.726581,1235.777778,1237.999921,1241.35093,1245.788728,1251.271236,1257.756376,1265.20207,1273.56624,1282.806807,1292.881693,1303.74882,1315.36611,1327.691484,1340.682864,1354.298172,1368.49533,1383.23226,1398.466882,1414.15712,1430.260894,1446.736127,1466.06057,1494.520144,1531.467762,1575.862194,1626.662211,1682.826582,1743.31408,1807.083474,1873.093534,1940.303033,2007.670739,2074.155423,2138.715857,2200.310811,2257.899054,2310.439359,2356.890495,2396.211233,2427.360344,2449.296597,2461.241129,2469.689204,2477.822481,2485.628999,2493.096794,2500.213905,2506.968367,2513.348219,2519.341498,2524.936241,2530.120484,2534.882266,2539.209624,2543.090595,2546.513216,2549.465525,2551.935558,2553.911353,2555.380947,2556.332378,2556.753683,2556.525697,2555.384823,2553.380019,2550.577477,2547.04339,2542.84395,2538.045349,2532.71378,2526.915435,2520.716506,2514.183187,2507.381668,2500.378142,2493.238803,2486.029841,2478.817449,2471.667821,2464.647147,2457.821621,2451.257434,2445.008913,2438.796886,2432.48031,2426.060761,2419.539814,2412.919047
ACE2,499.5092076,494.0312317,489.072417,484.6573895,480.8107753,477.5572001,474.9212901,472.9276712,471.6009693,470.9658105,471.0283037,471.7022108,472.9201598,474.6201515,476.740187,479.218267,481.9923927,485.0005648,488.1807843,491.4710521,494.8093693,498.1337366,501.3821551,504.4926257,507.4031492,510.0517267,512.3763591,514.3150473,515.8057921,516.7865947,517.1954558,516.7855047,515.2635092,512.7393465,509.3303664,505.1539186,500.327353,494.9680193,489.1932674,483.120447,476.8669079,470.55,464.2870729,458.1954766,452.3925607,446.9956751,442.1221695,437.8893939,434.4146979,431.8154313,430.2089439,429.7145426,430.7618408,433.5567991,438.0186191,444.0665022,451.6196499,460.5972635,470.9185445,482.5026945,495.2689148,509.1364069,524.0243722,539.8520122,556.5385284,574.0031222,592.164995,610.9433484,630.2573836,650.0263023,670.1693059,690.6055957,711.4449431,735.3974426,763.1961015,794.6185715,829.4425045,867.4455521,908.4053663,952.0995989,998.3059015,1046.801926,1097.365324,1149.773748,1203.804849,1259.236279,1315.84569,1373.410733,1431.709062,1490.518326,1549.616178,1608.78027,1667.788254,1726.417781,1785.75469,1853.042487,1928.387555,2010.545507,2098.271955,2190.322512,2285.452789,2382.418398,2479.974953,2576.878065,2671.883346,2763.746409,2851.222866,2933.068329,3008.038411,3074.888724,3132.374879,3179.25249,3214.277168,3236.204526,3243.790176,3243.065178,3240.925556,3237.424365,3232.614661,3226.549501,3219.28194,3210.865035,3201.351841,3190.795415,3179.248812,3166.765088,3153.3973,3139.198504,3124.221755,3108.52011,3092.146624,3075.154354,3057.596355,3039.525684,3020.995397,3000.983578,2973.365297,2937.813345,2895.105684,2846.02028,2791.335099,2731.828105,2668.277262,2601.460536,2532.155892,2461.141294,2389.194708,2317.094097,2245.617428,2175.542664,2107.647771,2042.710714,1981.509457,1924.821966,1873.426204,1828.100138,1785.396204,1741.574044,1696.972427,1651.930123,1606.785903,1561.878537,1517.546794,1474.129444,1431.965258,1391.393006,1352.751458,1316.379383,1282.615552,1251.798735,1224.267701,1200.361221,1180.418066,1164.777004,1153.776806,1147.756242,1146.759557,1147.845784,1150.12556,1153.536898,1158.017813,1163.506317,1169.940426,1177.258152,1185.39751,1194.296514,1203.893177,1214.125513,1224.931536,1236.24926,1248.016698,1260.171866,1272.652775,1285.397441,1298.343877,1311.430096,1324.594114,1337.773942,1351.60369,1367.820753,1386.298693,1406.803549,1429.101361,1452.95817,1478.140016,1504.412937,1531.542976,1559.29617,1587.438562,1615.73619,1643.955094,1671.861316,1699.220893,1725.799868,1751.364279,1775.680167,1798.513572,1819.630533,1838.868309,1857.985975,1877.704955,1897.858243,1918.278835,1938.799725,1959.253908,1979.474378,1999.294129,2018.546156,2037.063455,2054.679019,2071.225842,2086.53692,2100.445248,2112.783819,2123.385628,2132.08367,2138.710939,2143.10043,2145.085138,2144.092187,2139.146399,2130.600722,2118.877184,2104.39781,2087.584629,2068.859666,2048.644949,2027.362504,2005.434358,1983.282538,1961.32907,1939.995982,1919.7053,1900.879051,1883.939261,1869.307958,1857.407169,1848.658919,1843.485237,1842.202771,1842.212301,1842.260474,1842.378964,1842.599447,1842.953597